id_store,name,brand_group,network_type,store_category,brand_description,brand_image,brand_website
"3","GALERIES LAFAYETTE AGEN","Galeries Lafayette","chain","department_store","Galeries Lafayette est une enseigne française de grands magasins.","https://upload.wikimedia.org/wikipedia/fr/7/7f/GaleriesLafayettelogo.jpg","https://www.galerieslafayette.com/"
"4","GALERIES LAFAYETTE AMIENS","Galeries Lafayette","chain","department_store","Galeries Lafayette est une enseigne française de grands magasins.","https://upload.wikimedia.org/wikipedia/fr/7/7f/GaleriesLafayettelogo.jpg","https://www.galerieslafayette.com/"
"5","GALERIES LAFAYETTE ANGERS","Galeries Lafayette","chain","department_store","Galeries Lafayette est une enseigne française de grands magasins.","https://upload.wikimedia.org/wikipedia/fr/7/7f/GaleriesLafayettelogo.jpg","https://www.galerieslafayette.com/"
"9","GALERIES LAFAYETTE BAYONNE","Galeries Lafayette","chain","department_store","Galeries Lafayette est une enseigne française de grands magasins.","https://upload.wikimedia.org/wikipedia/fr/7/7f/GaleriesLafayettelogo.jpg","https://www.galerieslafayette.com/"
"11","GALERIES LAFAYETTE BEAUVAIS","Galeries Lafayette","chain","department_store","Galeries Lafayette est une enseigne française de grands magasins.","https://upload.wikimedia.org/wikipedia/fr/7/7f/GaleriesLafayettelogo.jpg","https://www.galerieslafayette.com/"
"12","GALERIES LAFAYETTE BELFORT","Galeries Lafayette","chain","department_store","Galeries Lafayette est une enseigne française de grands magasins.","https://upload.wikimedia.org/wikipedia/fr/7/7f/GaleriesLafayettelogo.jpg","https://www.galerieslafayette.com/"
"13","GALERIES LAFAYETTE BESANCON","Galeries Lafayette","chain","department_store","Galeries Lafayette est une enseigne française de grands magasins.","https://upload.wikimedia.org/wikipedia/fr/7/7f/GaleriesLafayettelogo.jpg","https://www.galerieslafayette.com/"
"14","GALERIES LAFAYETTE BEZIERS","Galeries Lafayette","chain","department_store","Galeries Lafayette est une enseigne française de grands magasins.","https://upload.wikimedia.org/wikipedia/fr/7/7f/GaleriesLafayettelogo.jpg","https://www.galerieslafayette.com/"
"15","GALERIES LAFAYETTE CAEN","Galeries Lafayette","chain","department_store","Galeries Lafayette est une enseigne française de grands magasins.","https://upload.wikimedia.org/wikipedia/fr/7/7f/GaleriesLafayettelogo.jpg","https://www.galerieslafayette.com/"
"18","GALERIES LAFAYETTE CARRE SENART","Galeries Lafayette","chain","department_store","Galeries Lafayette est une enseigne française de grands magasins.","https://upload.wikimedia.org/wikipedia/fr/7/7f/GaleriesLafayettelogo.jpg","https://www.galerieslafayette.com/"
"19","GALERIES LAFAYETTE CHALON SUR SAONE","Galeries Lafayette","chain","department_store","Galeries Lafayette est une enseigne française de grands magasins.","https://upload.wikimedia.org/wikipedia/fr/7/7f/GaleriesLafayettelogo.jpg","https://www.galerieslafayette.com/"
"20","GALERIES LAFAYETTE CHAMBERY","Galeries Lafayette","chain","department_store","Galeries Lafayette est une enseigne française de grands magasins.","https://upload.wikimedia.org/wikipedia/fr/7/7f/GaleriesLafayettelogo.jpg","https://www.galerieslafayette.com/"
"21","GALERIES LAFAYETTE CLERMONT FERRAND","Galeries Lafayette","chain","department_store","Galeries Lafayette est une enseigne française de grands magasins.","https://upload.wikimedia.org/wikipedia/fr/7/7f/GaleriesLafayettelogo.jpg","https://www.galerieslafayette.com/"
"25","GALERIES LAFAYETTE LA ROCHE SUR YON","Galeries Lafayette","chain","department_store","Galeries Lafayette est une enseigne française de grands magasins.","https://upload.wikimedia.org/wikipedia/fr/7/7f/GaleriesLafayettelogo.jpg","https://www.galerieslafayette.com/"
"26","GALERIES LAFAYETTE LA ROCHELLE","Galeries Lafayette","chain","department_store","Galeries Lafayette est une enseigne française de grands magasins.","https://upload.wikimedia.org/wikipedia/fr/7/7f/GaleriesLafayettelogo.jpg","https://www.galerieslafayette.com/"
"27","GALERIES LAFAYETTE LE MANS","Galeries Lafayette","chain","department_store","Galeries Lafayette est une enseigne française de grands magasins.","https://upload.wikimedia.org/wikipedia/fr/7/7f/GaleriesLafayettelogo.jpg","https://www.galerieslafayette.com/"
"28","GALERIES LAFAYETTE LIBOURNE","Galeries Lafayette","chain","department_store","Galeries Lafayette est une enseigne française de grands magasins.","https://upload.wikimedia.org/wikipedia/fr/7/7f/GaleriesLafayettelogo.jpg","https://www.galerieslafayette.com/"
"29","GALERIES LAFAYETTE LIMOGES","Galeries Lafayette","chain","department_store","Galeries Lafayette est une enseigne française de grands magasins.","https://upload.wikimedia.org/wikipedia/fr/7/7f/GaleriesLafayettelogo.jpg","https://www.galerieslafayette.com/"
"30","GALERIES LAFAYETTE LORIENT","Galeries Lafayette","chain","department_store","Galeries Lafayette est une enseigne française de grands magasins.","https://upload.wikimedia.org/wikipedia/fr/7/7f/GaleriesLafayettelogo.jpg","https://www.galerieslafayette.com/"
"37","GALERIES LAFAYETTE MONTAUBAN","Galeries Lafayette","chain","department_store","Galeries Lafayette est une enseigne française de grands magasins.","https://upload.wikimedia.org/wikipedia/fr/7/7f/GaleriesLafayettelogo.jpg","https://www.galerieslafayette.com/"
"38","GALERIES LAFAYETTE MONTPELLIER","Galeries Lafayette","chain","department_store","Galeries Lafayette est une enseigne française de grands magasins.","https://upload.wikimedia.org/wikipedia/fr/7/7f/GaleriesLafayettelogo.jpg","https://www.galerieslafayette.com/"
"41","GALERIES LAFAYETTE NIORT","Galeries Lafayette","chain","department_store","Galeries Lafayette est une enseigne française de grands magasins.","https://upload.wikimedia.org/wikipedia/fr/7/7f/GaleriesLafayettelogo.jpg","https://www.galerieslafayette.com/"
"42","GALERIES LAFAYETTE ORLEANS","Galeries Lafayette","chain","department_store","Galeries Lafayette est une enseigne française de grands magasins.","https://upload.wikimedia.org/wikipedia/fr/7/7f/GaleriesLafayettelogo.jpg","https://www.galerieslafayette.com/"
"43","GALERIES LAFAYETTE PAU","Galeries Lafayette","chain","department_store","Galeries Lafayette est une enseigne française de grands magasins.","https://upload.wikimedia.org/wikipedia/fr/7/7f/GaleriesLafayettelogo.jpg","https://www.galerieslafayette.com/"
"44","GALERIES LAFAYETTE PERPIGNAN","Galeries Lafayette","chain","department_store","Galeries Lafayette est une enseigne française de grands magasins.","https://upload.wikimedia.org/wikipedia/fr/7/7f/GaleriesLafayettelogo.jpg","https://www.galerieslafayette.com/"
"45","GALERIES LAFAYETTE REIMS","Galeries Lafayette","chain","department_store","Galeries Lafayette est une enseigne française de grands magasins.","https://upload.wikimedia.org/wikipedia/fr/7/7f/GaleriesLafayettelogo.jpg","https://www.galerieslafayette.com/"
"48","GALERIES LAFAYETTE ROUEN","Galeries Lafayette","chain","department_store","Galeries Lafayette est une enseigne française de grands magasins.","https://upload.wikimedia.org/wikipedia/fr/7/7f/GaleriesLafayettelogo.jpg","https://www.galerieslafayette.com/"
"51","GALERIES LAFAYETTE TARBES","Galeries Lafayette","chain","department_store","Galeries Lafayette est une enseigne française de grands magasins.","https://upload.wikimedia.org/wikipedia/fr/7/7f/GaleriesLafayettelogo.jpg","https://www.galerieslafayette.com/"
"52","GALERIES LAFAYETTE TOULON","Galeries Lafayette","chain","department_store","Galeries Lafayette est une enseigne française de grands magasins.","https://upload.wikimedia.org/wikipedia/fr/7/7f/GaleriesLafayettelogo.jpg","https://www.galerieslafayette.com/"
"54","GALERIES LAFAYETTE TOURS","Galeries Lafayette","chain","department_store","Galeries Lafayette est une enseigne française de grands magasins.","https://upload.wikimedia.org/wikipedia/fr/7/7f/GaleriesLafayettelogo.jpg","https://www.galerieslafayette.com/"
"55","GALERIES LAFAYETTE LANGON","Galeries Lafayette","chain","department_store","Galeries Lafayette est une enseigne française de grands magasins.","https://upload.wikimedia.org/wikipedia/fr/7/7f/GaleriesLafayettelogo.jpg","https://www.galerieslafayette.com/"
"57","BEAUTY SUCCESS SAINT-PAUL","Beauty Success","chain","beauty_network","Beauty Success est une enseigne française de parfumerie et de cosmétique.","","https://www.beautysuccess.fr/"
"58","BEAUTY SUCCESS BAIE MAHAULT","Beauty Success","chain","beauty_network","Beauty Success est une enseigne française de parfumerie et de cosmétique.","","https://www.beautysuccess.fr/"
"59","BEAUTY SUCCESS DJIBOUTI","Beauty Success","chain","beauty_network","Beauty Success est une enseigne française de parfumerie et de cosmétique.","","https://www.beautysuccess.fr/"
"60","BEAUTY SUCCESS PERIGUEUX","Beauty Success","chain","beauty_network","Beauty Success est une enseigne française de parfumerie et de cosmétique.","","https://www.beautysuccess.fr/"
"61","BEAUTY SUCCESS BERGERAC CITRON VERT","Beauty Success","chain","beauty_network","Beauty Success est une enseigne française de parfumerie et de cosmétique.","","https://www.beautysuccess.fr/"
"62","BEAUTY SUCCESS TRELISSAC","Beauty Success","chain","beauty_network","Beauty Success est une enseigne française de parfumerie et de cosmétique.","","https://www.beautysuccess.fr/"
"63","BEAUTY SUCCESS LIBOURNE CCC","Beauty Success","chain","beauty_network","Beauty Success est une enseigne française de parfumerie et de cosmétique.","","https://www.beautysuccess.fr/"
"64","BEAUTY SUCCESS GUJAN MESTRAS","Beauty Success","chain","beauty_network","Beauty Success est une enseigne française de parfumerie et de cosmétique.","","https://www.beautysuccess.fr/"
"65","BEAUTY SUCCESS LIMOUX","Beauty Success","chain","beauty_network","Beauty Success est une enseigne française de parfumerie et de cosmétique.","","https://www.beautysuccess.fr/"
"66","BEAUTY SUCCESS MONT DE MARSAN","Beauty Success","chain","beauty_network","Beauty Success est une enseigne française de parfumerie et de cosmétique.","","https://www.beautysuccess.fr/"
"67","BEAUTY SUCCESS MARMANDE","Beauty Success","chain","beauty_network","Beauty Success est une enseigne française de parfumerie et de cosmétique.","","https://www.beautysuccess.fr/"
"68","BEAUTY SUCCESS LA BAULE RI","Beauty Success","chain","beauty_network","Beauty Success est une enseigne française de parfumerie et de cosmétique.","","https://www.beautysuccess.fr/"
"69","BEAUTY SUCCESS LA ROCHELLE","Beauty Success","chain","beauty_network","Beauty Success est une enseigne française de parfumerie et de cosmétique.","","https://www.beautysuccess.fr/"
"70","BEAUTY SUCCESS AUCH","Beauty Success","chain","beauty_network","Beauty Success est une enseigne française de parfumerie et de cosmétique.","","https://www.beautysuccess.fr/"
"71","BEAUTY SUCCESS PESSAC","Beauty Success","chain","beauty_network","Beauty Success est une enseigne française de parfumerie et de cosmétique.","","https://www.beautysuccess.fr/"
"72","BEAUTY SUCCESS ST JEAN DE LUZ","Beauty Success","chain","beauty_network","Beauty Success est une enseigne française de parfumerie et de cosmétique.","","https://www.beautysuccess.fr/"
"73","BEAUTY SUCCESS ARCACHON","Beauty Success","chain","beauty_network","Beauty Success est une enseigne française de parfumerie et de cosmétique.","","https://www.beautysuccess.fr/"
"74","BEAUTY SUCCESS ESSEY LES NANCY","Beauty Success","chain","beauty_network","Beauty Success est une enseigne française de parfumerie et de cosmétique.","","https://www.beautysuccess.fr/"
"75","BEAUTY SUCCESS ISTRES","Beauty Success","chain","beauty_network","Beauty Success est une enseigne française de parfumerie et de cosmétique.","","https://www.beautysuccess.fr/"
"76","BEAUTY SUCCESS AUXERRE","Beauty Success","chain","beauty_network","Beauty Success est une enseigne française de parfumerie et de cosmétique.","","https://www.beautysuccess.fr/"
"77","BEAUTY SUCCESS LE BOUSCAT","Beauty Success","chain","beauty_network","Beauty Success est une enseigne française de parfumerie et de cosmétique.","","https://www.beautysuccess.fr/"
"78","BEAUTY SUCCESS MONTAUBAN RI","Beauty Success","chain","beauty_network","Beauty Success est une enseigne française de parfumerie et de cosmétique.","","https://www.beautysuccess.fr/"
"79","BEAUTY SUCCESS PAU","Beauty Success","chain","beauty_network","Beauty Success est une enseigne française de parfumerie et de cosmétique.","","https://www.beautysuccess.fr/"
"80","BEAUTY SUCCESS BIGANOS","Beauty Success","chain","beauty_network","Beauty Success est une enseigne française de parfumerie et de cosmétique.","","https://www.beautysuccess.fr/"
"81","BEAUTY SUCCESS TROYES CC","Beauty Success","chain","beauty_network","Beauty Success est une enseigne française de parfumerie et de cosmétique.","","https://www.beautysuccess.fr/"
"82","BEAUTY SUCCESS BLAYE","Beauty Success","chain","beauty_network","Beauty Success est une enseigne française de parfumerie et de cosmétique.","","https://www.beautysuccess.fr/"
"83","BEAUTY SUCCESS URRUGNE","Beauty Success","chain","beauty_network","Beauty Success est une enseigne française de parfumerie et de cosmétique.","","https://www.beautysuccess.fr/"
"84","BEAUTY SUCCESS PIERRY","Beauty Success","chain","beauty_network","Beauty Success est une enseigne française de parfumerie et de cosmétique.","","https://www.beautysuccess.fr/"
"85","BEAUTY SUCCESS GAILLAC","Beauty Success","chain","beauty_network","Beauty Success est une enseigne française de parfumerie et de cosmétique.","","https://www.beautysuccess.fr/"
"86","BEAUTY SUCCESS BELFORT","Beauty Success","chain","beauty_network","Beauty Success est une enseigne française de parfumerie et de cosmétique.","","https://www.beautysuccess.fr/"
"87","BEAUTY SUCCESS MONETEAU","Beauty Success","chain","beauty_network","Beauty Success est une enseigne française de parfumerie et de cosmétique.","","https://www.beautysuccess.fr/"
"88","BEAUTY SUCCESS ALLONNES","Beauty Success","chain","beauty_network","Beauty Success est une enseigne française de parfumerie et de cosmétique.","","https://www.beautysuccess.fr/"
"89","BEAUTY SUCCESS GIEN","Beauty Success","chain","beauty_network","Beauty Success est une enseigne française de parfumerie et de cosmétique.","","https://www.beautysuccess.fr/"
"90","BEAUTY SUCCESS DIGNE","Beauty Success","chain","beauty_network","Beauty Success est une enseigne française de parfumerie et de cosmétique.","","https://www.beautysuccess.fr/"
"91","BEAUTY SUCCESS BARCELONNETTE","Beauty Success","chain","beauty_network","Beauty Success est une enseigne française de parfumerie et de cosmétique.","","https://www.beautysuccess.fr/"
"92","BEAUTY SUCCESS VILLENAVE D'ORNON","Beauty Success","chain","beauty_network","Beauty Success est une enseigne française de parfumerie et de cosmétique.","","https://www.beautysuccess.fr/"
"93","BEAUTY SUCCESS SAINTES","Beauty Success","chain","beauty_network","Beauty Success est une enseigne française de parfumerie et de cosmétique.","","https://www.beautysuccess.fr/"
"94","BEAUTY SUCCESS ST LO","Beauty Success","chain","beauty_network","Beauty Success est une enseigne française de parfumerie et de cosmétique.","","https://www.beautysuccess.fr/"
"95","BEAUTY SUCCESS FLERS","Beauty Success","chain","beauty_network","Beauty Success est une enseigne française de parfumerie et de cosmétique.","","https://www.beautysuccess.fr/"
"96","BEAUTY SUCCESS AVRANCHES","Beauty Success","chain","beauty_network","Beauty Success est une enseigne française de parfumerie et de cosmétique.","","https://www.beautysuccess.fr/"
"97","BEAUTY SUCCESS PERTUIS","Beauty Success","chain","beauty_network","Beauty Success est une enseigne française de parfumerie et de cosmétique.","","https://www.beautysuccess.fr/"
"98","BEAUTY SUCCESS LE LAVANDOU","Beauty Success","chain","beauty_network","Beauty Success est une enseigne française de parfumerie et de cosmétique.","","https://www.beautysuccess.fr/"
"99","BEAUTY SUCCESS ROTS-CAEN","Beauty Success","chain","beauty_network","Beauty Success est une enseigne française de parfumerie et de cosmétique.","","https://www.beautysuccess.fr/"
"100","BEAUTY SUCCESS DAX","Beauty Success","chain","beauty_network","Beauty Success est une enseigne française de parfumerie et de cosmétique.","","https://www.beautysuccess.fr/"
"101","BEAUTY SUCCESS BOULAZAC","Beauty Success","chain","beauty_network","Beauty Success est une enseigne française de parfumerie et de cosmétique.","","https://www.beautysuccess.fr/"
"102","BEAUTY SUCCESS CHAMPAGNOLE","Beauty Success","chain","beauty_network","Beauty Success est une enseigne française de parfumerie et de cosmétique.","","https://www.beautysuccess.fr/"
"103","BEAUTY SUCCESS CHATILLON SUR SEINE","Beauty Success","chain","beauty_network","Beauty Success est une enseigne française de parfumerie et de cosmétique.","","https://www.beautysuccess.fr/"
"104","BEAUTY SUCCESS PEZENAS","Beauty Success","chain","beauty_network","Beauty Success est une enseigne française de parfumerie et de cosmétique.","","https://www.beautysuccess.fr/"
"105","BEAUTY SUCCESS CUSSET","Beauty Success","chain","beauty_network","Beauty Success est une enseigne française de parfumerie et de cosmétique.","","https://www.beautysuccess.fr/"
"106","BEAUTY SUCCESS LIBOURNE CCL","Beauty Success","chain","beauty_network","Beauty Success est une enseigne française de parfumerie et de cosmétique.","","https://www.beautysuccess.fr/"
"107","BEAUTY SUCCESS ST CERE","Beauty Success","chain","beauty_network","Beauty Success est une enseigne française de parfumerie et de cosmétique.","","https://www.beautysuccess.fr/"
"108","BEAUTY SUCCESS FAGNIERES","Beauty Success","chain","beauty_network","Beauty Success est une enseigne française de parfumerie et de cosmétique.","","https://www.beautysuccess.fr/"
"109","BEAUTY SUCCESS SEZANNE","Beauty Success","chain","beauty_network","Beauty Success est une enseigne française de parfumerie et de cosmétique.","","https://www.beautysuccess.fr/"
"110","BEAUTY SUCCESS BAR LE DUC","Beauty Success","chain","beauty_network","Beauty Success est une enseigne française de parfumerie et de cosmétique.","","https://www.beautysuccess.fr/"
"111","BEAUTY SUCCESS CAUDRY","Beauty Success","chain","beauty_network","Beauty Success est une enseigne française de parfumerie et de cosmétique.","","https://www.beautysuccess.fr/"
"112","BEAUTY SUCCESS SELESTAT CC","Beauty Success","chain","beauty_network","Beauty Success est une enseigne française de parfumerie et de cosmétique.","","https://www.beautysuccess.fr/"
"113","BEAUTY SUCCESS ST CLAUDE","Beauty Success","chain","beauty_network","Beauty Success est une enseigne française de parfumerie et de cosmétique.","","https://www.beautysuccess.fr/"
"114","BEAUTY SUCCESS HIRSINGUE","Beauty Success","chain","beauty_network","Beauty Success est une enseigne française de parfumerie et de cosmétique.","","https://www.beautysuccess.fr/"
"115","BEAUTY SUCCESS ST JEAN D'ANGELY","Beauty Success","chain","beauty_network","Beauty Success est une enseigne française de parfumerie et de cosmétique.","","https://www.beautysuccess.fr/"
"116","BEAUTY SUCCESS LES HERBIERS","Beauty Success","chain","beauty_network","Beauty Success est une enseigne française de parfumerie et de cosmétique.","","https://www.beautysuccess.fr/"
"117","BEAUTY SUCCESS VILLEFRANCHE DE ROUERGUE","Beauty Success","chain","beauty_network","Beauty Success est une enseigne française de parfumerie et de cosmétique.","","https://www.beautysuccess.fr/"
"118","BEAUTY SUCCESS ARGELES SUR MER","Beauty Success","chain","beauty_network","Beauty Success est une enseigne française de parfumerie et de cosmétique.","","https://www.beautysuccess.fr/"
"119","BEAUTY SUCCESS CREYSSE","Beauty Success","chain","beauty_network","Beauty Success est une enseigne française de parfumerie et de cosmétique.","","https://www.beautysuccess.fr/"
"120","BEAUTY SUCCESS ST MARTIN DE RE","Beauty Success","chain","beauty_network","Beauty Success est une enseigne française de parfumerie et de cosmétique.","","https://www.beautysuccess.fr/"
"121","BEAUTY SUCCESS VAUX SUR MER","Beauty Success","chain","beauty_network","Beauty Success est une enseigne française de parfumerie et de cosmétique.","","https://www.beautysuccess.fr/"
"122","BEAUTY SUCCESS COUTRAS","Beauty Success","chain","beauty_network","Beauty Success est une enseigne française de parfumerie et de cosmétique.","","https://www.beautysuccess.fr/"
"123","BEAUTY SUCCESS LESNEVEN","Beauty Success","chain","beauty_network","Beauty Success est une enseigne française de parfumerie et de cosmétique.","","https://www.beautysuccess.fr/"
"124","BEAUTY SUCCESS LANDERNEAU","Beauty Success","chain","beauty_network","Beauty Success est une enseigne française de parfumerie et de cosmétique.","","https://www.beautysuccess.fr/"
"125","BEAUTY SUCCESS COSNE SUR LOIRE RI","Beauty Success","chain","beauty_network","Beauty Success est une enseigne française de parfumerie et de cosmétique.","","https://www.beautysuccess.fr/"
"126","BEAUTY SUCCESS TALENCE CC","Beauty Success","chain","beauty_network","Beauty Success est une enseigne française de parfumerie et de cosmétique.","","https://www.beautysuccess.fr/"
"127","BEAUTY SUCCESS BERGERAC CC","Beauty Success","chain","beauty_network","Beauty Success est une enseigne française de parfumerie et de cosmétique.","","https://www.beautysuccess.fr/"
"128","BEAUTY SUCCESS LORIENT RI","Beauty Success","chain","beauty_network","Beauty Success est une enseigne française de parfumerie et de cosmétique.","","https://www.beautysuccess.fr/"
"129","BEAUTY SUCCESS LEMPDES RI","Beauty Success","chain","beauty_network","Beauty Success est une enseigne française de parfumerie et de cosmétique.","","https://www.beautysuccess.fr/"
"130","BEAUTY SUCCESS CLERMONT FERRAND RI","Beauty Success","chain","beauty_network","Beauty Success est une enseigne française de parfumerie et de cosmétique.","","https://www.beautysuccess.fr/"
"132","BEAUTY SUCCESS ST MARTIN DES CHAMPS RI","Beauty Success","chain","beauty_network","Beauty Success est une enseigne française de parfumerie et de cosmétique.","","https://www.beautysuccess.fr/"
"133","BEAUTY SUCCESS PLEUVEN RI","Beauty Success","chain","beauty_network","Beauty Success est une enseigne française de parfumerie et de cosmétique.","","https://www.beautysuccess.fr/"
"134","BEAUTY SUCCESS INSTITUT DE BEAUTÉ PERIGUEUX LE TOULON","Beauty Success","chain","beauty_network","Beauty Success est une enseigne française de parfumerie et de cosmétique.","","https://www.beautysuccess.fr/"
"135","BEAUTY SUCCESS LANNEMEZAN RI","Beauty Success","chain","beauty_network","Beauty Success est une enseigne française de parfumerie et de cosmétique.","","https://www.beautysuccess.fr/"
"136","BEAUTY SUCCESS REIMS VILLAGE CC","Beauty Success","chain","beauty_network","Beauty Success est une enseigne française de parfumerie et de cosmétique.","","https://www.beautysuccess.fr/"
"137","BEAUTY SUCCESS AVALLON RI","Beauty Success","chain","beauty_network","Beauty Success est une enseigne française de parfumerie et de cosmétique.","","https://www.beautysuccess.fr/"
"138","BEAUTY SUCCESS STE MAXIME RI","Beauty Success","chain","beauty_network","Beauty Success est une enseigne française de parfumerie et de cosmétique.","","https://www.beautysuccess.fr/"
"139","BEAUTY SUCCESS INSTITUT DE BEAUTÉ ROYAN","Beauty Success","chain","beauty_network","Beauty Success est une enseigne française de parfumerie et de cosmétique.","","https://www.beautysuccess.fr/"
"140","BEAUTY SUCCESS HONFLEUR CCL","Beauty Success","chain","beauty_network","Beauty Success est une enseigne française de parfumerie et de cosmétique.","","https://www.beautysuccess.fr/"
"142","BEAUTY SUCCESS VITRY LE FRANCOIS CC","Beauty Success","chain","beauty_network","Beauty Success est une enseigne française de parfumerie et de cosmétique.","","https://www.beautysuccess.fr/"
"143","BEAUTY SUCCESS SOISY SOUS MONTMORENCY RI","Beauty Success","chain","beauty_network","Beauty Success est une enseigne française de parfumerie et de cosmétique.","","https://www.beautysuccess.fr/"
"144","BEAUTY SUCCESS MENDE","Beauty Success","chain","beauty_network","Beauty Success est une enseigne française de parfumerie et de cosmétique.","","https://www.beautysuccess.fr/"
"145","BEAUTY SUCCESS LE VESINET RI","Beauty Success","chain","beauty_network","Beauty Success est une enseigne française de parfumerie et de cosmétique.","","https://www.beautysuccess.fr/"
"146","BEAUTY SUCCESS SAVERNE MARMOUTIER","Beauty Success","chain","beauty_network","Beauty Success est une enseigne française de parfumerie et de cosmétique.","","https://www.beautysuccess.fr/"
"147","BEAUTY SUCCESS ST PAUL LES DAX","Beauty Success","chain","beauty_network","Beauty Success est une enseigne française de parfumerie et de cosmétique.","","https://www.beautysuccess.fr/"
"148","BEAUTY SUCCESS LA SOUTERRAINE RI","Beauty Success","chain","beauty_network","Beauty Success est une enseigne française de parfumerie et de cosmétique.","","https://www.beautysuccess.fr/"
"149","BEAUTY SUCCESS INSTITUT DE BEAUTÉ ND DE SANILHAC","Beauty Success","chain","beauty_network","Beauty Success est une enseigne française de parfumerie et de cosmétique.","","https://www.beautysuccess.fr/"
"150","BEAUTY SUCCESS CASTELJALOUX RI","Beauty Success","chain","beauty_network","Beauty Success est une enseigne française de parfumerie et de cosmétique.","","https://www.beautysuccess.fr/"
"151","BEAUTY SUCCESS DECAZEVILLE","Beauty Success","chain","beauty_network","Beauty Success est une enseigne française de parfumerie et de cosmétique.","","https://www.beautysuccess.fr/"
"152","BEAUTY SUCCESS SARLAT CC","Beauty Success","chain","beauty_network","Beauty Success est une enseigne française de parfumerie et de cosmétique.","","https://www.beautysuccess.fr/"
"153","BEAUTY SUCCESS ST MAUR RI","Beauty Success","chain","beauty_network","Beauty Success est une enseigne française de parfumerie et de cosmétique.","","https://www.beautysuccess.fr/"
"154","BEAUTY SUCCESS PARTHENAY CCH RI","Beauty Success","chain","beauty_network","Beauty Success est une enseigne française de parfumerie et de cosmétique.","","https://www.beautysuccess.fr/"
"155","BEAUTY SUCCESS PARTHENAY CCL RI","Beauty Success","chain","beauty_network","Beauty Success est une enseigne française de parfumerie et de cosmétique.","","https://www.beautysuccess.fr/"
"156","BEAUTY SUCCESS VILLEBAROU RI","Beauty Success","chain","beauty_network","Beauty Success est une enseigne française de parfumerie et de cosmétique.","","https://www.beautysuccess.fr/"
"157","BEAUTY SUCCESS HAUCONCOURT","Beauty Success","chain","beauty_network","Beauty Success est une enseigne française de parfumerie et de cosmétique.","","https://www.beautysuccess.fr/"
"158","BEAUTY SUCCESS LEOGNAN RI","Beauty Success","chain","beauty_network","Beauty Success est une enseigne française de parfumerie et de cosmétique.","","https://www.beautysuccess.fr/"
"159","BEAUTY SUCCESS RENNES LONGCHAMPS RI","Beauty Success","chain","beauty_network","Beauty Success est une enseigne française de parfumerie et de cosmétique.","","https://www.beautysuccess.fr/"
"160","BEAUTY SUCCESS CESSON SEVIGNE","Beauty Success","chain","beauty_network","Beauty Success est une enseigne française de parfumerie et de cosmétique.","","https://www.beautysuccess.fr/"
"161","BEAUTY SUCCESS MILLAU CAPELLE","Beauty Success","chain","beauty_network","Beauty Success est une enseigne française de parfumerie et de cosmétique.","","https://www.beautysuccess.fr/"
"162","BEAUTY SUCCESS THONON LES BAINS","Beauty Success","chain","beauty_network","Beauty Success est une enseigne française de parfumerie et de cosmétique.","","https://www.beautysuccess.fr/"
"163","BEAUTY SUCCESS MIOS","Beauty Success","chain","beauty_network","Beauty Success est une enseigne française de parfumerie et de cosmétique.","","https://www.beautysuccess.fr/"
"164","BEAUTY SUCCESS INSTITUT DE BEAUTÉ ESTANCARBON","Beauty Success","chain","beauty_network","Beauty Success est une enseigne française de parfumerie et de cosmétique.","","https://www.beautysuccess.fr/"
"165","BEAUTY SUCCESS BARBEZIEUX","Beauty Success","chain","beauty_network","Beauty Success est une enseigne française de parfumerie et de cosmétique.","","https://www.beautysuccess.fr/"
"166","BEAUTY SUCCESS PONT AUDEMER RI","Beauty Success","chain","beauty_network","Beauty Success est une enseigne française de parfumerie et de cosmétique.","","https://www.beautysuccess.fr/"
"167","BEAUTY SUCCESS TASSIN LA DEMI LUNE RI","Beauty Success","chain","beauty_network","Beauty Success est une enseigne française de parfumerie et de cosmétique.","","https://www.beautysuccess.fr/"
"168","BEAUTY SUCCESS GUERET RI","Beauty Success","chain","beauty_network","Beauty Success est une enseigne française de parfumerie et de cosmétique.","","https://www.beautysuccess.fr/"
"169","BEAUTY SUCCESS SARREBOURG RI","Beauty Success","chain","beauty_network","Beauty Success est une enseigne française de parfumerie et de cosmétique.","","https://www.beautysuccess.fr/"
"170","BEAUTY SUCCESS CASTRES","Beauty Success","chain","beauty_network","Beauty Success est une enseigne française de parfumerie et de cosmétique.","","https://www.beautysuccess.fr/"
"171","BEAUTY SUCCESS ST MAGNE DE CASTILLON","Beauty Success","chain","beauty_network","Beauty Success est une enseigne française de parfumerie et de cosmétique.","","https://www.beautysuccess.fr/"
"172","BEAUTY SUCCESS ANGOULEME","Beauty Success","chain","beauty_network","Beauty Success est une enseigne française de parfumerie et de cosmétique.","","https://www.beautysuccess.fr/"
"173","BEAUTY SUCCESS CLAIRA RI","Beauty Success","chain","beauty_network","Beauty Success est une enseigne française de parfumerie et de cosmétique.","","https://www.beautysuccess.fr/"
"174","BEAUTY SUCCESS ORTHEZ RI","Beauty Success","chain","beauty_network","Beauty Success est une enseigne française de parfumerie et de cosmétique.","","https://www.beautysuccess.fr/"
"175","BEAUTY SUCCESS BIDART","Beauty Success","chain","beauty_network","Beauty Success est une enseigne française de parfumerie et de cosmétique.","","https://www.beautysuccess.fr/"
"176","BEAUTY SUCCESS LACROIX ST OUEN RI","Beauty Success","chain","beauty_network","Beauty Success est une enseigne française de parfumerie et de cosmétique.","","https://www.beautysuccess.fr/"
"177","BEAUTY SUCCESS CASTELCULIER RI","Beauty Success","chain","beauty_network","Beauty Success est une enseigne française de parfumerie et de cosmétique.","","https://www.beautysuccess.fr/"
"178","BEAUTY SUCCESS PONT L'ABBE RI","Beauty Success","chain","beauty_network","Beauty Success est une enseigne française de parfumerie et de cosmétique.","","https://www.beautysuccess.fr/"
"179","BEAUTY SUCCESS ST JEAN DU FALGA RI","Beauty Success","chain","beauty_network","Beauty Success est une enseigne française de parfumerie et de cosmétique.","","https://www.beautysuccess.fr/"
"180","BEAUTY SUCCESS COLOMIERS RI","Beauty Success","chain","beauty_network","Beauty Success est une enseigne française de parfumerie et de cosmétique.","","https://www.beautysuccess.fr/"
"181","BEAUTY SUCCESS CARCASSONNE CC RI","Beauty Success","chain","beauty_network","Beauty Success est une enseigne française de parfumerie et de cosmétique.","","https://www.beautysuccess.fr/"
"182","BEAUTY SUCCESS ISSOIRE CC RI","Beauty Success","chain","beauty_network","Beauty Success est une enseigne française de parfumerie et de cosmétique.","","https://www.beautysuccess.fr/"
"183","BEAUTY SUCCESS BRIOUDE CC RI","Beauty Success","chain","beauty_network","Beauty Success est une enseigne française de parfumerie et de cosmétique.","","https://www.beautysuccess.fr/"
"184","BEAUTY SUCCESS HOUTAUD","Beauty Success","chain","beauty_network","Beauty Success est une enseigne française de parfumerie et de cosmétique.","","https://www.beautysuccess.fr/"
"185","BEAUTY SUCCESS BISCARROSSE","Beauty Success","chain","beauty_network","Beauty Success est une enseigne française de parfumerie et de cosmétique.","","https://www.beautysuccess.fr/"
"186","BEAUTY SUCCESS ST JEAN DE MONTS RI","Beauty Success","chain","beauty_network","Beauty Success est une enseigne française de parfumerie et de cosmétique.","","https://www.beautysuccess.fr/"
"187","BEAUTY SUCCESS MONTAYRAL-FUMEL","Beauty Success","chain","beauty_network","Beauty Success est une enseigne française de parfumerie et de cosmétique.","","https://www.beautysuccess.fr/"
"188","BEAUTY SUCCESS BAULE CC RI","Beauty Success","chain","beauty_network","Beauty Success est une enseigne française de parfumerie et de cosmétique.","","https://www.beautysuccess.fr/"
"189","BEAUTY SUCCESS LA FERTE BERNARD RI","Beauty Success","chain","beauty_network","Beauty Success est une enseigne française de parfumerie et de cosmétique.","","https://www.beautysuccess.fr/"
"190","BEAUTY SUCCESS JONZAC RI","Beauty Success","chain","beauty_network","Beauty Success est une enseigne française de parfumerie et de cosmétique.","","https://www.beautysuccess.fr/"
"191","BEAUTY SUCCESS PROVINS RI","Beauty Success","chain","beauty_network","Beauty Success est une enseigne française de parfumerie et de cosmétique.","","https://www.beautysuccess.fr/"
"192","BEAUTY SUCCESS BIAS RI","Beauty Success","chain","beauty_network","Beauty Success est une enseigne française de parfumerie et de cosmétique.","","https://www.beautysuccess.fr/"
"193","BEAUTY SUCCESS VILLENEUVE SUR LOT RI","Beauty Success","chain","beauty_network","Beauty Success est une enseigne française de parfumerie et de cosmétique.","","https://www.beautysuccess.fr/"
"194","BEAUTY SUCCESS CARCASSONNE CCL","Beauty Success","chain","beauty_network","Beauty Success est une enseigne française de parfumerie et de cosmétique.","","https://www.beautysuccess.fr/"
"195","BEAUTY SUCCESS COLMAR","Beauty Success","chain","beauty_network","Beauty Success est une enseigne française de parfumerie et de cosmétique.","","https://www.beautysuccess.fr/"
"196","BEAUTY SUCCESS USSEL","Beauty Success","chain","beauty_network","Beauty Success est une enseigne française de parfumerie et de cosmétique.","","https://www.beautysuccess.fr/"
"197","BEAUTY SUCCESS MONTBELIARD RI","Beauty Success","chain","beauty_network","Beauty Success est une enseigne française de parfumerie et de cosmétique.","","https://www.beautysuccess.fr/"
"198","BEAUTY SUCCESS HONFLEUR","Beauty Success","chain","beauty_network","Beauty Success est une enseigne française de parfumerie et de cosmétique.","","https://www.beautysuccess.fr/"
"199","BEAUTY SUCCESS DAMMARIE LES LYS CC","Beauty Success","chain","beauty_network","Beauty Success est une enseigne française de parfumerie et de cosmétique.","","https://www.beautysuccess.fr/"
"200","BEAUTY SUCCESS PERPIGNAN CCL","Beauty Success","chain","beauty_network","Beauty Success est une enseigne française de parfumerie et de cosmétique.","","https://www.beautysuccess.fr/"
"201","BEAUTY SUCCESS BRUZ","Beauty Success","chain","beauty_network","Beauty Success est une enseigne française de parfumerie et de cosmétique.","","https://www.beautysuccess.fr/"
"202","BEAUTY SUCCESS RENNES ALMA","Beauty Success","chain","beauty_network","Beauty Success est une enseigne française de parfumerie et de cosmétique.","","https://www.beautysuccess.fr/"
"203","BEAUTY SUCCESS DOL DE BRETAGNE","Beauty Success","chain","beauty_network","Beauty Success est une enseigne française de parfumerie et de cosmétique.","","https://www.beautysuccess.fr/"
"204","BEAUTY SUCCESS CHATEAU GONTIER","Beauty Success","chain","beauty_network","Beauty Success est une enseigne française de parfumerie et de cosmétique.","","https://www.beautysuccess.fr/"
"205","BEAUTY SUCCESS LANNION","Beauty Success","chain","beauty_network","Beauty Success est une enseigne française de parfumerie et de cosmétique.","","https://www.beautysuccess.fr/"
"206","BEAUTY SUCCESS POISSY","Beauty Success","chain","beauty_network","Beauty Success est une enseigne française de parfumerie et de cosmétique.","","https://www.beautysuccess.fr/"
"207","BEAUTY SUCCESS MOULINS LES METZ","Beauty Success","chain","beauty_network","Beauty Success est une enseigne française de parfumerie et de cosmétique.","","https://www.beautysuccess.fr/"
"208","BEAUTY SUCCESS ST MALO ST SERVAN","Beauty Success","chain","beauty_network","Beauty Success est une enseigne française de parfumerie et de cosmétique.","","https://www.beautysuccess.fr/"
"210","BEAUTY SUCCESS MONTPON MENESTEROL","Beauty Success","chain","beauty_network","Beauty Success est une enseigne française de parfumerie et de cosmétique.","","https://www.beautysuccess.fr/"
"211","BEAUTY SUCCESS CESTAS","Beauty Success","chain","beauty_network","Beauty Success est une enseigne française de parfumerie et de cosmétique.","","https://www.beautysuccess.fr/"
"212","BEAUTY SUCCESS ST ANDRE DE CUBZAC","Beauty Success","chain","beauty_network","Beauty Success est une enseigne française de parfumerie et de cosmétique.","","https://www.beautysuccess.fr/"
"213","BEAUTY SUCCESS LA TESTE DE BUCH","Beauty Success","chain","beauty_network","Beauty Success est une enseigne française de parfumerie et de cosmétique.","","https://www.beautysuccess.fr/"
"215","BEAUTY SUCCESS PLOERMEL","Beauty Success","chain","beauty_network","Beauty Success est une enseigne française de parfumerie et de cosmétique.","","https://www.beautysuccess.fr/"
"216","BEAUTY SUCCESS MONTMORILLON","Beauty Success","chain","beauty_network","Beauty Success est une enseigne française de parfumerie et de cosmétique.","","https://www.beautysuccess.fr/"
"217","BEAUTY SUCCESS PERONNE","Beauty Success","chain","beauty_network","Beauty Success est une enseigne française de parfumerie et de cosmétique.","","https://www.beautysuccess.fr/"
"218","BEAUTY SUCCESS NANTERRE","Beauty Success","chain","beauty_network","Beauty Success est une enseigne française de parfumerie et de cosmétique.","","https://www.beautysuccess.fr/"
"219","BEAUTY SUCCESS BAIE MAHAULT","Beauty Success","chain","beauty_network","Beauty Success est une enseigne française de parfumerie et de cosmétique.","","https://www.beautysuccess.fr/"
"220","BEAUTY SUCCESS LE ROBERT","Beauty Success","chain","beauty_network","Beauty Success est une enseigne française de parfumerie et de cosmétique.","","https://www.beautysuccess.fr/"
"221","BEAUTY SUCCESS LES ABYMES","Beauty Success","chain","beauty_network","Beauty Success est une enseigne française de parfumerie et de cosmétique.","","https://www.beautysuccess.fr/"
"222","BEAUTY SUCCESS CONDE SUR SARTHE","Beauty Success","chain","beauty_network","Beauty Success est une enseigne française de parfumerie et de cosmétique.","","https://www.beautysuccess.fr/"
"223","BEAUTY SUCCESS DIVES SUR MER","Beauty Success","chain","beauty_network","Beauty Success est une enseigne française de parfumerie et de cosmétique.","","https://www.beautysuccess.fr/"
"224","BEAUTY SUCCESS SENLIS CC","Beauty Success","chain","beauty_network","Beauty Success est une enseigne française de parfumerie et de cosmétique.","","https://www.beautysuccess.fr/"
"225","BEAUTY SUCCESS SELESTAT CITRON VERT","Beauty Success","chain","beauty_network","Beauty Success est une enseigne française de parfumerie et de cosmétique.","","https://www.beautysuccess.fr/"
"226","BEAUTY SUCCESS GLANDON","Beauty Success","chain","beauty_network","Beauty Success est une enseigne française de parfumerie et de cosmétique.","","https://www.beautysuccess.fr/"
"227","BEAUTY SUCCESS INSTITUT DE BEAUTÉ BEAUVAIS","Beauty Success","chain","beauty_network","Beauty Success est une enseigne française de parfumerie et de cosmétique.","","https://www.beautysuccess.fr/"
"228","BEAUTY SUCCESS INSTITUT DE BEAUTÉ BETHUNE","Beauty Success","chain","beauty_network","Beauty Success est une enseigne française de parfumerie et de cosmétique.","","https://www.beautysuccess.fr/"
"229","BEAUTY SUCCESS SOYAUX","Beauty Success","chain","beauty_network","Beauty Success est une enseigne française de parfumerie et de cosmétique.","","https://www.beautysuccess.fr/"
"230","BEAUTY SUCCESS HAGUENAU","Beauty Success","chain","beauty_network","Beauty Success est une enseigne française de parfumerie et de cosmétique.","","https://www.beautysuccess.fr/"
"231","BEAUTY SUCCESS INSTITUT DE BEAUTÉ STE JAMME SUR SARTHE","Beauty Success","chain","beauty_network","Beauty Success est une enseigne française de parfumerie et de cosmétique.","","https://www.beautysuccess.fr/"
"232","BEAUTY SUCCESS GRUCHET LE VALASSE","Beauty Success","chain","beauty_network","Beauty Success est une enseigne française de parfumerie et de cosmétique.","","https://www.beautysuccess.fr/"
"233","BEAUTY SUCCESS CAHORS","Beauty Success","chain","beauty_network","Beauty Success est une enseigne française de parfumerie et de cosmétique.","","https://www.beautysuccess.fr/"
"234","BEAUTY SUCCESS LA GORGUE","Beauty Success","chain","beauty_network","Beauty Success est une enseigne française de parfumerie et de cosmétique.","","https://www.beautysuccess.fr/"
"235","BEAUTY SUCCESS RUAUDIN","Beauty Success","chain","beauty_network","Beauty Success est une enseigne française de parfumerie et de cosmétique.","","https://www.beautysuccess.fr/"
"236","BEAUTY SUCCESS ARES","Beauty Success","chain","beauty_network","Beauty Success est une enseigne française de parfumerie et de cosmétique.","","https://www.beautysuccess.fr/"
"237","BEAUTY SUCCESS SARREGUEMINES","Beauty Success","chain","beauty_network","Beauty Success est une enseigne française de parfumerie et de cosmétique.","","https://www.beautysuccess.fr/"
"238","BEAUTY SUCCESS BRIE COMTE ROBERT","Beauty Success","chain","beauty_network","Beauty Success est une enseigne française de parfumerie et de cosmétique.","","https://www.beautysuccess.fr/"
"239","BEAUTY SUCCESS LOUVIERS","Beauty Success","chain","beauty_network","Beauty Success est une enseigne française de parfumerie et de cosmétique.","","https://www.beautysuccess.fr/"
"240","BEAUTY SUCCESS MAYOTTE CC YLANG YLANG","Beauty Success","chain","beauty_network","Beauty Success est une enseigne française de parfumerie et de cosmétique.","","https://www.beautysuccess.fr/"
"241","BEAUTY SUCCESS INSTITUT DE BEAUTÉ FONSORBES","Beauty Success","chain","beauty_network","Beauty Success est une enseigne française de parfumerie et de cosmétique.","","https://www.beautysuccess.fr/"
"243","BEAUTY SUCCESS CHASSE SUR RHONE","Beauty Success","chain","beauty_network","Beauty Success est une enseigne française de parfumerie et de cosmétique.","","https://www.beautysuccess.fr/"
"244","BEAUTY SUCCESS DINAN","Beauty Success","chain","beauty_network","Beauty Success est une enseigne française de parfumerie et de cosmétique.","","https://www.beautysuccess.fr/"
"245","L'OASIS DETENTE SARL BABY-ROUINET -PUGNET","","independent_local_business","spa","","",""
"246","Institut de Beauté Opaline","","independent_local_business","beauty_salon","","",""
"247","Sas les soins du monde par Severine","","independent_local_business","local_business","","",""
"248","LA MAISON DE BEAUTE - ANAIS","","independent_local_business","beauty_salon","","",""
"249","Institut de Beauté Camélia","","independent_local_business","beauty_salon","","",""
"250","IDELINE","Ideline","chain","beauty_network","Institut Idéline est un institut de beauté situé a Colpo (Morbihan), proposant soins du visage et du corps, épilation, maquillage et manucure (vernis semi-permanent) dans une ambiance zen, pour une clientèle mixte.","https://v-images.cdnsw.com/Root/fmuin/358695784_745290974271722_2916464136885523399_n.jpg","https://institutideline.sitew.fr/"
"251","Centre Spa Soin De Soie","","independent_local_business","spa","","",""
"252","Estheti'Cath","","independent_local_business","local_business","","",""
"253","institut de Beauté Sandra","","independent_local_business","beauty_salon","","",""
"254","SENSORIEL ESTHETIQUE","","independent_local_business","local_business","","",""
"255","Bothëm","","independent_local_business","local_business","","",""
"256","Esprit de Beauté","","independent_local_business","local_business","","",""
"257","Citron Vert","Citron Vert","chain","beauty_network","","",""
"258","UNE DOUCE PARENTHESE","","independent_local_business","local_business","","",""
"259","French Feelings","","independent_local_business","local_business","","",""
"260","Rêve et Beauté","","independent_local_business","local_business","","",""
"261","Sagaribana","","independent_local_business","local_business","","",""
"262","Au bien être","","independent_local_business","local_business","Au Bien Être est un institut de beauté situé a Breteuil (Oise), proposant soins du visage et du corps, massages, épilation et UV dans une ambiance conviviale et détendue.","https://medias.bpdm-beaute.com/medium/defaut/beaute/soins-visage-massage-1.jpg",""
"263","La p'tite Maurice","","independent_local_business","local_business","","",""
"264","Elles & Moi ","","independent_local_business","local_business","","",""
"265","AUX DOIGTS D'ARGENT	","","independent_local_business","local_business","","",""
"266","LA FEE BOUCLETTE","","independent_local_business","local_business","","",""
"267","Au petit salon","","independent_local_business","local_business","","",""
"268","SO CUT","So Cut","chain","beauty_network","","",""
"269","SO CUT","So Cut","chain","beauty_network","","",""
"270","SO CUT","So Cut","chain","beauty_network","","",""
"271","SO CUT","So Cut","chain","beauty_network","","",""
"272","SO CUT","So Cut","chain","beauty_network","","",""
"273","SO CUT","So Cut","chain","beauty_network","","",""
"274","SO CUT","So Cut","chain","beauty_network","","",""
"275","SO CUT","So Cut","chain","beauty_network","","",""
"276","SO CUT","So Cut","chain","beauty_network","","",""
"277","SO CUT","So Cut","chain","beauty_network","","",""
"278","SO CUT","So Cut","chain","beauty_network","","",""
"279","SO CUT","So Cut","chain","beauty_network","","",""
"280","SO CUT","So Cut","chain","beauty_network","","",""
"281","LES CISEAUX DE FANNY	","Les Ciseaux de Fanny","chain","local_business","Les Ciseaux de Fanny est un salon de coiffure familial situe au coeur du village de Courcelles-sur-Nied (Moselle), proposant coupes pour hommes, femmes et enfants, colorations, mèches, extensions et lissages.","https://static.hdmedia.fr/fr-gt-media-54-retonfey/360/cbpQep90ib/prints/photo2049275_6.jpg?v=19","https://www.facebook.com/Fanny.ci57/"
"282","LE NOUVEL ELAN","","independent_local_business","local_business","","",""
"283","Au voyage des sens","","independent_local_business","local_business","","",""
"284","L'institut","","independent_local_business","beauty_salon","","",""
"285","Tonic Beauté","","independent_local_business","local_business","","",""
"286","Le salon de Laly","","independent_local_business","local_business","","",""
"288","BEAUTY SUCCESS NOUMEA","Beauty Success","chain","beauty_network","Beauty Success est une enseigne française de parfumerie et de cosmétique.","","https://www.beautysuccess.fr/"
"289","BEAUTY SUCCESS CAYENNE","Beauty Success","chain","beauty_network","Beauty Success est une enseigne française de parfumerie et de cosmétique.","","https://www.beautysuccess.fr/"
"290","BEAUTY SUCCESS DAKAR MERMOZ","Beauty Success","chain","beauty_network","Beauty Success est une enseigne française de parfumerie et de cosmétique.","","https://www.beautysuccess.fr/"
"291","Terre d'ailleurs","","independent_local_business","local_business","","",""
"292","Smells Like Chocolate","","independent_local_business","local_business","","",""
"293","Jolie Tignasse","","independent_local_business","local_business","","",""
"294","Institut de beauté Guinot ","Guinot","chain","beauty_network","","",""
"295","La Belle Occitane ","La Belle Occitane","chain","beauty_network","","",""
"296","Magasin L’esprit Bio","","independent_local_business","bio_store","","",""
"297","LCP & Parfumerie","LCP Parfumerie","chain","beauty_network","","",""
"298","Le Saint Victorien","","independent_local_business","local_business","","",""